"2026-04-11 00:12:16","Karimu idd","0456789876","bass","nzuri"

"2026-04-11 00:12:43","Karimu iddi","04567832","bass","kazi"

"2026-04-11 00:15:49","Marion Charles","034567890","alto","Mnaimba Vizuri"

"2026-04-11 00:27:42","John Doe","0789643224","alto","Nzuri"

"2026-04-11 00:33:06","Joseph John","0764322146","tenor","NZURI"

"2026-04-11 00:40:36","Kassim","34456789","alto","nzuri"

"2026-04-11 00:54:20","Juma","9876543","bass","dfghnm,"

"2026-04-11 01:01:17","john","9876543","bass","dfghjnm"

"2026-04-11 01:05:56","karimu","07654323","alto","hcffgsxhj"

"2026-04-11 01:15:49","kassim","87654334567","tenor","fghjkl"

"2026-04-11 01:20:53","kazi","34567890","alto","sdfgvhbjnkm"

"2026-04-11 12:50:56","Neema Thadeus","09876543","alto","Ni njema"

"2026-04-11 14:57:14","Neema Thadeus","098765432","alto","safii"

"2026-04-11 15:07:45","Karimu Juma","09876543","tenor","dfvhbjnkl"

"2026-04-14 16:36:01","RAYMOND LAURENT ANDREW","0682346285","tenor",""

"2026-04-14 16:39:18","RAYMOND LAURENT ANDREW","0682346285","tenor",""

"2026-04-17 14:26:38","KELVIN SULLE","0749317306","bass",""

"2026-04-18 07:01:32","EDINA NGALA","0749711922","soprano",""

"2026-04-18 09:17:00","Neema","0741571160","soprano",""

"2026-04-22 16:27:29","CLEVER AMOS","0746339938","tenor",""

"2026-04-23 09:04:31","Kelvin","0749317306","bass",""

"2026-04-23 09:17:03","Johnson","086592352","tenor",""

"2026-04-23 10:03:16","Johnson emanuel","09876540987","tenor",""
